{"cameraMode":{"drawMode":0,"name":"Shaded","section":"Shading Mode"},"sceneLighting":true,"audioPlay":false,"sceneViewState":{"showFog":true,"showMaterialUpdate":false,"showSkybox":true,"showFlares":true,"showImageEffects":true,"showParticleSystems":true,"showVisualEffectGraphs":true,"m_FxEnabled":true},"in2DMode":false,"pivot":{"x":-0.17392122745513917,"y":0.8744010925292969,"z":-6.851849555969238},"rotation":{"x":0.05494587495923042,"y":-0.7819044589996338,"z":0.06962374597787857,"w":0.6170612573623657},"size":10.096014022827149,"orthographic":false}