{"cameraMode":{"drawMode":0,"name":"Shaded","section":"Shading Mode"},"sceneLighting":true,"audioPlay":false,"sceneViewState":{"showFog":true,"showMaterialUpdate":false,"showSkybox":true,"showFlares":true,"showImageEffects":true,"showParticleSystems":true,"showVisualEffectGraphs":true,"m_FxEnabled":true},"in2DMode":false,"pivot":{"x":0.10199999809265137,"y":1.921800136566162,"z":0.5255293846130371},"rotation":{"x":0.15280583500862122,"y":-0.5080787539482117,"z":0.09205986559391022,"w":0.8429178595542908},"size":7.671319961547852,"orthographic":false}